Time,Air mass [mg/stk],Air mass (expected) [mg/stk],Charged air temp. [°C],Boost (bank 1) [hPa],Boost (expected) [hPa],Atmospheric pressure [hPa],Intake air temp. [°C],RPM [rpm],Coolant temp. [°C],Fuel pressure [bar],Fuel pressure (expected) [bar],Injection quantity [mg/stk],Injection quantity (expected) [mg/stk],Turbocharger actuator control [%],EGR actuator control [%],Fuel temp. [°C],Acceleration pedal - position [%],Main injection 1 duration [µs],Pre-injection 1 duration [µs],Internal torque [Nm]
"20:42:27,58","612,08","409,88","13,95","1121,89","1318,9","957,89","9,96","1639,9","85,95","487,89","483,77","15,77","15,5","82,92",5,"23,15","20,79","776,86","268,87","151,07"
"20:42:27,68","612,08","409,88","13,95","1121,89","1318,9","957,89","9,96","1639,9","85,95","487,89","483,77","15,77","15,5","82,92",5,"23,15","20,34","776,86","268,87","151,07"
"20:42:27,78","612,08","409,88","13,95","1121,89","1318,9","957,89","9,96","1639,9","85,95","487,89","483,77","15,77","15,5","82,92",5,"23,15","20,34","748,93","262,92","151,07"
"20:42:27,88","612,08","409,88","13,95","1121,89","1318,9","957,89","9,96","1639,9","85,95","487,89","483,77","15,77","15,5","82,92",5,"23,15","20,34","748,93","262,92","146,61"
"20:42:27,98","641,67","387,81","14,16","1121,89","1318,9","957,89","9,96","1639,9","85,95","487,89","483,77","15,77","15,5","82,92",5,"23,15","20,34","748,93","262,92","146,61"
"20:42:28,08","641,67","387,81","14,16","1164,89","1334,9","957,89","9,96","1639,9","85,95","487,89","483,77","15,77","15,5","82,92",5,"23,15","20,34","748,93","262,92","146,61"
"20:42:28,18","641,67","387,81","14,16","1164,89","1334,9","957,89","10,95","1639,9","85,95","487,89","483,77","15,77","15,5","82,92",5,"23,15","20,34","748,93","262,92","146,61"
"20:42:28,28","641,67","387,81","14,16","1164,89","1334,9","957,89","10,95","1761,9","84,95","487,89","483,77","15,77","15,5","82,92",5,"23,15","20,34","748,93","262,92","146,61"
"20:42:28,39","641,67","387,81","14,16","1164,89","1334,9","957,89","10,95","1761,9","84,95","505,38","503,88","15,77","15,5","82,92",5,"23,15","20,34","748,93","262,92","146,61"
"20:42:28,49","641,67","387,81","14,16","1164,89","1334,9","957,89","10,95","1761,9","84,95","505,38","503,88","15,19","15,79","81,26",5,"23,15","20,34","748,93","262,92","146,61"
"20:42:28,59","641,67","387,81","14,16","1164,89","1334,9","957,89","10,95","1761,9","84,95","505,38","503,88","15,19","15,79","81,26",5,"23,15","20,34","748,93","262,92","146,61"
"20:42:28,69","641,67","387,81","14,16","1164,89","1334,9","957,89","10,95","1761,9","84,95","505,38","503,88","15,19","15,79","81,26",5,"23,15","20,15","748,93","262,92","146,61"
"20:42:28,80","641,67","387,81","14,16","1164,89","1334,9","957,89","10,95","1761,9","84,95","505,38","503,88","15,19","15,79","81,26",5,"23,15","20,15","723,91","247,97","146,61"
"20:42:28,90","641,67","387,81","14,16","1164,89","1334,9","957,89","10,95","1761,9","84,95","505,38","503,88","15,19","15,79","81,26",5,"23,15","20,15","723,91","247,97","145,81"
"20:42:29,00","668,28","395,28","14,56","1164,89","1334,9","957,89","10,95","1761,9","84,95","505,38","503,88","15,19","15,79","81,26",5,"23,15","20,15","723,91","247,97","145,81"
"20:42:29,10","668,28","395,28","14,56","1213,89","1367,9","957,89","10,95","1761,9","84,95","505,38","503,88","15,19","15,79","81,26",5,"23,15","20,15","723,91","247,97","145,81"
"20:42:29,20","668,28","395,28","14,56","1213,89","1367,9","957,89","10,95","1761,9","84,95","505,38","503,88","15,19","15,79","81,26",5,"23,15","20,15","723,91","247,97","145,81"
"20:42:29,30","668,28","395,28","14,56","1213,89","1367,9","957,89","10,95","1888,91","84,95","505,38","503,88","15,19","15,79","81,26",5,"23,15","20,15","723,91","247,97","145,81"
"20:42:29,41","668,28","395,28","14,56","1213,89","1367,9","957,89","10,95","1888,91","84,95","533,97","538,8","15,19","15,79","81,26",5,"23,15","20,15","723,91","247,97","145,81"
"20:42:29,51","668,28","395,28","14,56","1213,89","1367,9","957,89","10,95","1888,91","84,95","533,97","538,8","14,9","15,48","76,97",5,"23,15","20,15","723,91","247,97","145,81"
"20:42:29,61","668,28","395,28","14,56","1213,89","1367,9","957,89","10,95","1888,91","84,95","533,97","538,8","14,9","15,48","76,97",5,"23,15","20,15","723,91","247,97","145,81"
"20:42:29,71","668,28","395,28","14,56","1213,89","1367,9","957,89","10,95","1888,91","84,95","533,97","538,8","14,9","15,48","76,97",5,"23,15","19,75","723,91","247,97","145,81"
"20:42:29,81","668,28","395,28","14,56","1213,89","1367,9","957,89","10,95","1888,91","84,95","533,97","538,8","14,9","15,48","76,97",5,"23,15","19,75","687,89","247,97","145,81"
"20:42:29,92","668,28","395,28","14,56","1213,89","1367,9","957,89","10,95","1888,91","84,95","533,97","538,8","14,9","15,48","76,97",5,"23,15","19,75","687,89","247,97","143,29"
"20:42:30,02","689,38","410,81","14,74","1213,89","1367,9","957,89","10,95","1888,91","84,95","533,97","538,8","14,9","15,48","76,97",5,"23,15","19,75","687,89","247,97","143,29"
"20:42:30,12","689,38","410,81","14,74","1259,9","1375,9","957,89","10,95","1888,91","84,95","533,97","538,8","14,9","15,48","76,97",5,"23,15","19,75","687,89","247,97","143,29"
"20:42:30,22","689,38","410,81","14,74","1259,9","1375,9","957,89","11,45","1888,91","84,95","533,97","538,8","14,9","15,48","76,97",5,"23,15","19,75","687,89","247,97","143,29"
"20:42:30,32","689,38","410,81","14,74","1259,9","1375,9","957,89","11,45","1997,91","84,95","533,97","538,8","14,9","15,48","76,97",5,"23,15","19,75","687,89","247,97","143,29"
"20:42:30,43","689,38","410,81","14,74","1259,9","1375,9","957,89","11,45","1997,91","85,95","597,7","687,48","14,9","15,48","76,97",5,"23,15","19,75","687,89","247,97","143,29"
"20:42:30,53","689,38","410,81","14,74","1259,9","1375,9","957,89","11,45","1997,91","85,95","597,7","687,48","24,41","22,68","76,62",5,"23,15","19,75","687,89","247,97","143,29"
"20:42:30,63","689,38","410,81","14,74","1259,9","1375,9","957,89","11,45","1997,91","85,95","597,7","687,48","24,41","22,68","76,62",5,"23,15","19,75","687,89","247,97","143,29"
"20:42:30,73","689,38","410,81","14,74","1259,9","1375,9","957,89","11,45","1997,91","85,95","597,7","687,48","24,41","22,68","76,62",5,"23,15","8,43","687,89","247,97","143,29"
"20:42:30,83","689,38","410,81","14,74","1259,9","1375,9","957,89","11,45","1997,91","85,95","597,7","687,48","24,41","22,68","76,62",5,"23,15","8,43","421,92","247,97","143,29"
"20:42:30,94","689,38","410,81","14,74","1259,9","1375,9","957,89","11,45","1997,91","85,95","597,7","687,48","24,41","22,68","76,62",5,"23,15","8,43","421,92",0,"5,96"
"20:42:31,04",651,"401,58","14,74","1259,9","1375,9","957,89","11,45","1997,91","85,95","597,7","687,48","24,41","22,68","76,62",5,"23,15","8,43","421,92",0,"5,96"
"20:42:31,14",651,"401,58","15,45","1198,89","1085,89","957,89","11,45","1997,91","85,95","597,7","687,48","24,41","22,68","76,62",5,"23,15","8,43","421,92",0,"5,96"
"20:42:31,24",651,"401,58","15,45","1198,89","1085,89","957,89","11,45","1997,91","85,95","597,7","687,48","24,41","22,68","76,62",5,"23,15","8,43","421,92",0,"5,96"
"20:42:31,34",651,"401,58","15,45","1198,89","1085,89","957,89","11,45","1403,9","85,95","597,7","687,48","24,41","22,68","76,62",5,"23,15","8,43","421,92",0,"5,96"
"20:42:31,45",651,"401,58","15,45","1198,89","1085,89","957,89","11,45","1403,9","85,95","292,18","333,29","24,41","22,68","76,62",5,"23,15","8,43","421,92",0,"5,96"
"20:42:31,55",651,"401,58","15,45","1198,89","1085,89","957,89","11,45","1403,9","85,95","292,18","333,29","12,66","8,63","76,62",5,"23,15","8,43","421,92",0,"5,96"
"20:42:31,65",651,"401,58","15,45","1198,89","1085,89","957,89","11,45","1403,9","85,95","292,18","333,29","12,66","8,63","69,99",5,"23,15","8,43","421,92",0,"5,96"
"20:42:31,76",651,"401,58","15,45","1198,89","1085,89","957,89","11,45","1403,9","85,95","292,18","333,29","12,66","8,63","69,99",5,"23,15","8,43","421,92",0,"5,96"
"20:42:31,86",651,"401,58","15,45","1198,89","1085,89","957,89","11,45","1403,9","85,95","292,18","333,29","12,66","8,63","69,99",5,"23,15","27,48","886,88",0,"5,96"
"20:42:31,96",651,"401,58","15,45","1198,89","1085,89","957,89","11,45","1403,9","85,95","292,18","333,29","12,66","8,63","69,99",5,"23,15","27,48","886,88","264,9","189,64"
"20:42:32,06","605,39","458,81","15,45","1198,89","1085,89","957,89","11,45","1403,9","85,95","292,18","333,29","12,66","8,63","69,99",5,"23,15","27,48","886,88","264,9","189,64"
"20:42:32,17","605,39","458,81","15,45","1112,89","1350,9","957,89","11,45","1403,9","85,95","292,18","333,29","12,66","8,63","69,99",5,"23,15","27,48","886,88","264,9","189,64"
"20:42:32,27","605,39","458,81","15,45","1112,89","1350,9","957,89","11,45","1403,9","85,95","292,18","333,29","12,66","8,63","69,99",5,"23,15","27,48","886,88","264,9","189,64"
"20:42:32,37","605,39","458,81","15,45","1112,89","1350,9","957,89","7,94","1495,9","85,95","292,18","333,29","12,66","8,63","69,99",5,"23,15","27,48","886,88","264,9","189,64"
"20:42:32,47","605,39","458,81","15,45","1112,89","1350,9","957,89","7,94","1495,9","85,95","292,18","333,29","12,66","8,63","69,99",5,"23,15","27,48","886,88","264,9","189,64"
"20:42:32,57","605,39","458,81","15,45","1112,89","1350,9","957,89","7,94","1495,9","85,95","483,5","479,77","18,12","18,81","69,99",5,"23,15","27,48","886,88","264,9","189,64"
"20:42:32,68","605,39","458,81","15,45","1112,89","1350,9","957,89","7,94","1495,9","85,95","483,5","479,77","18,12","18,81","83,47",5,"23,15","27,48","886,88","264,9","189,64"
"20:42:32,78","605,39","458,81","15,45","1112,89","1350,9","957,89","7,94","1495,9","85,95","483,5","479,77","18,12","18,81","83,47",5,"23,15","27,48","886,88","264,9","189,64"
"20:42:32,88","605,39","458,81","15,45","1112,89","1350,9","957,89","7,94","1495,9","85,95","483,5","479,77","18,12","18,81","83,47",5,"23,15","22,89","886,88","264,9","189,64"
"20:42:32,98","605,39","458,81","15,45","1112,89","1350,9","957,89","7,94","1495,9","85,95","483,5","479,77","18,12","18,81","83,47",5,"23,15","22,89","751,98","265,97","189,64"
"20:42:33,08","610,18","447,67","15,45","1112,89","1350,9","957,89","7,94","1495,9","85,95","483,5","479,77","18,12","18,81","83,47",5,"23,15","22,89","751,98","265,97","164,92"
"20:42:33,19","610,18","447,67","15,45","1112,89","1350,9","957,89","7,94","1495,9","85,95","483,5","479,77","18,12","18,81","83,47",5,"23,15","22,89","751,98","265,97","164,92"
"20:42:33,29","610,18","447,67","15,45","1136,89","1349,9","957,89","7,94","1495,9","85,95","483,5","479,77","18,12","18,81","83,47",5,"23,15","22,89","751,98","265,97","164,92"
"20:42:33,39","610,18","447,67","15,45","1136,89","1349,9","957,89","8,45","1495,9","85,95","483,5","479,77","18,12","18,81","83,47",5,"23,15","22,89","751,98","265,97","164,92"
"20:42:33,49","610,18","447,67","15,45","1136,89","1349,9","957,89","8,45","1550,9","85,95","483,5","479,77","18,12","18,81","83,47",5,"23,15","22,89","751,98","265,97","164,92"
"20:42:33,59","610,18","447,67","15,45","1136,89","1349,9","957,89","8,45","1550,9","85,95","492,19","487,07","17,99","17,79","83,47",5,"23,15","22,89","751,98","265,97","164,92"
"20:42:33,70","610,18","447,67","15,45","1136,89","1349,9","957,89","8,45","1550,9","85,95","492,19","487,07","17,99","17,79",83,5,"23,15","22,89","751,98","265,97","164,92"
"20:42:33,80","610,18","447,67","15,45","1136,89","1349,9","957,89","8,45","1550,9","85,95","492,19","487,07","17,99","17,79",83,5,"23,25","22,89","751,98","265,97","164,92"
"20:42:33,90","610,18","447,67","15,45","1136,89","1349,9","957,89","8,45","1550,9","85,95","492,19","487,07","17,99","17,79",83,5,"23,25","22,86","751,98","265,97","164,92"
"20:42:34,00","610,18","447,67","15,45","1136,89","1349,9","957,89","8,45","1550,9","85,95","492,19","487,07","17,99","17,79",83,5,"23,25","22,86","783,88","267,96","164,92"
"20:42:34,10","626,19","444,6","15,45","1136,89","1349,9","957,89","8,45","1550,9","85,95","492,19","487,07","17,99","17,79",83,5,"23,25","22,86","783,88","267,96","165,26"
"20:42:34,21","626,19","444,6","15,45","1136,89","1349,9","957,89","8,45","1550,9","85,95","492,19","487,07","17,99","17,79",83,5,"23,25","22,86","783,88","267,96","165,26"
"20:42:34,31","626,19","444,6","15,45","1158,89","1366,9","957,89","8,45","1550,9","85,95","492,19","487,07","17,99","17,79",83,5,"23,25","22,86","783,88","267,96","165,26"
"20:42:34,41","626,19","444,6","15,45","1158,89","1366,9","957,89","8,45","1550,9","85,95","492,19","487,07","17,99","17,79",83,5,"23,25","22,86","783,88","267,96","165,26"
"20:42:34,51","626,19","444,6","15,45","1158,89","1366,9","957,89","8,45","1602,9","85,95","492,19","487,07","17,99","17,79",83,5,"23,25","22,86","783,88","267,96","165,26"
"20:42:34,61","626,19","444,6","15,45","1158,89","1366,9","957,89","8,45","1602,9","85,95","496,59","496,59","17,99","17,79",83,5,"23,25","22,86","783,88","267,96","165,26"
"20:42:34,72","626,19","444,6","15,45","1158,89","1366,9","957,89","8,45","1602,9","85,95","496,59","496,59","17,92","18,63","82,58",5,"23,25","22,86","783,88","267,96","165,26"
"20:42:34,82","626,19","444,6","15,45","1158,89","1366,9","957,89","8,45","1602,9","85,95","496,59","496,59","17,92","18,63","82,58",5,"23,25","22,86","783,88","267,96","165,26"
"20:42:34,92","626,19","444,6","15,45","1158,89","1366,9","957,89","8,45","1602,9","85,95","496,59","496,59","17,92","18,63","82,58",5,"23,25","22,83","783,88","267,96","165,26"
"20:42:35,02","626,19","444,6","15,45","1158,89","1366,9","957,89","8,45","1602,9","85,95","496,59","496,59","17,92","18,63","82,58",5,"23,25","22,83","799,9","260,94","165,26"
"20:42:35,12","626,19","444,6","15,45","1158,89","1366,9","957,89","8,45","1602,9","85,95","496,59","496,59","17,92","18,63","82,58",5,"23,25","22,83","799,9","260,94","186,66"
"20:42:35,23","647,58","638,89","15,65","1158,89","1366,9","957,89","8,45","1602,9","85,95","496,59","496,59","17,92","18,63","82,58",5,"23,25","22,83","799,9","260,94","186,66"
"20:42:35,33","647,58","638,89","15,65","1191,89","1637,9","957,89","8,45","1602,9","85,95","496,59","496,59","17,92","18,63","82,58",5,"23,25","22,83","799,9","260,94","186,66"
"20:42:35,43","647,58","638,89","15,65","1191,89","1637,9","957,89","9,46","1602,9","85,95","496,59","496,59","17,92","18,63","82,58",5,"23,25","22,83","799,9","260,94","186,66"
"20:42:35,53","647,58","638,89","15,65","1191,89","1637,9","957,89","9,46","1679,9","85,95","496,59","496,59","17,92","18,63","82,58",5,"23,25","22,83","799,9","260,94","186,66"
"20:42:35,63","647,58","638,89","15,65","1191,89","1637,9","957,89","9,46","1679,9","85,95","733,99","715,89","17,92","18,63","82,58",5,"23,25","22,83","799,9","260,94","186,66"
"20:42:35,73","647,58","638,89","15,65","1191,89","1637,9","957,89","9,46","1679,9","85,95","733,99","715,89","27,71","28,61","80,83",5,"23,25","22,83","799,9","260,94","186,66"
"20:42:35,84","647,58","638,89","15,65","1191,89","1637,9","957,89","9,46","1679,9","85,95","733,99","715,89","27,71","28,61","80,83",5,"23,25","22,83","799,9","260,94","186,66"
"20:42:35,94","647,58","638,89","15,65","1191,89","1637,9","957,89","9,46","1679,9","85,95","733,99","715,89","27,71","28,61","80,83",5,"23,25","25,91","799,9","260,94","186,66"
"20:42:36,04","647,58","638,89","15,65","1191,89","1637,9","957,89","9,46","1679,9","85,95","733,99","715,89","27,71","28,61","80,83",5,"23,25","25,91","721,92","260,94","186,66"
"20:42:36,14","647,58","638,89","15,65","1191,89","1637,9","957,89","9,46","1679,9","85,95","733,99","715,89","27,71","28,61","80,83",5,"23,25","25,91","721,92","260,94","132,07"
"20:42:36,24","660,37","351,67","15,85","1191,89","1637,9","957,89","9,46","1679,9","85,95","733,99","715,89","27,71","28,61","80,83",5,"23,25","25,91","721,92","260,94","132,07"
"20:42:36,34","660,37","351,67","15,85","1213,89","1281,9","957,89","9,46","1679,9","85,95","733,99","715,89","27,71","28,61","80,83",5,"23,25","25,91","721,92","260,94","132,07"
"20:42:36,44","660,37","351,67","15,85","1213,89","1281,9","957,89","10,45","1679,9","85,95","733,99","715,89","27,71","28,61","80,83",5,"23,25","25,91","721,92","260,94","132,07"
"20:42:36,54","660,37","351,67","15,85","1213,89","1281,9","957,89","10,45","1743,9","86,95","733,99","715,89","27,71","28,61","80,83",5,"23,25","25,91","721,92","260,94","132,07"
"20:42:36,64","660,37","351,67","15,85","1213,89","1281,9","957,89","10,45","1743,9","86,95","459,3","482,79","27,71","28,61","80,83",5,"23,25","25,91","721,92","260,94","132,07"
"20:42:36,75","660,37","351,67","15,85","1213,89","1281,9","957,89","10,45","1743,9","86,95","459,3","482,79","12,9","11,76","83,23",5,"23,25","25,91","721,92","260,94","132,07"
"20:42:36,85","660,37","351,67","15,85","1213,89","1281,9","957,89","10,45","1743,9","86,95","459,3","482,79","12,9","11,76","83,23",5,"23,25","25,91","721,92","260,94","132,07"
"20:42:36,95","660,37","351,67","15,85","1213,89","1281,9","957,89","10,45","1743,9","86,95","459,3","482,79","12,9","11,76","83,23",5,"23,25","17,85","721,92","260,94","132,07"
"20:42:37,05","660,37","351,67","15,85","1213,89","1281,9","957,89","10,45","1743,9","86,95","459,3","482,79","12,9","11,76","83,23",5,"23,25","17,85","679,96","257,88","132,07"
"20:42:37,15","660,37","351,67","15,85","1213,89","1281,9","957,89","10,45","1743,9","86,95","459,3","482,79","12,9","11,76","83,23",5,"23,25","17,85","679,96","257,88","130,01"
"20:42:37,25","646,5","354,07","15,85","1213,89","1281,9","957,89","10,45","1743,9","86,95","459,3","482,79","12,9","11,76","83,23",5,"23,25","17,85","679,96","257,88","130,01"
"20:42:37,35","646,5","354,07","15,85","1179,89","1288,9","957,89","10,45","1743,9","86,95","459,3","482,79","12,9","11,76","83,23",5,"23,25","17,85","679,96","257,88","130,01"
"20:42:37,45","646,5","354,07","15,85","1179,89","1288,9","957,89","10,45","1743,9","86,95","459,3","482,79","12,9","11,76","83,23",5,"23,25","17,85","679,96","257,88","130,01"
"20:42:37,56","646,5","354,07","15,85","1179,89","1288,9","957,89","10,45","1778,9","86,95","459,3","482,79","12,9","11,76","83,23",5,"23,25","17,85","679,96","257,88","130,01"
"20:42:37,66","646,5","354,07","15,85","1179,89","1288,9","957,89","10,45","1778,9","86,95","492,19","490,58","12,9","11,76","83,23",5,"23,25","17,85","679,96","257,88","130,01"
"20:42:37,76","646,5","354,07","15,85","1179,89","1288,9","957,89","10,45","1778,9","86,95","492,19","490,58","13,13","11,84","82,18",5,"23,25","17,85","679,96","257,88","130,01"
"20:42:37,86","646,5","354,07","15,85","1179,89","1288,9","957,89","10,45","1778,9","86,95","492,19","490,58","13,13","11,84","82,18",5,"23,25","17,85","679,96","257,88","130,01"
"20:42:37,96","646,5","354,07","15,85","1179,89","1288,9","957,89","10,45","1778,9","86,95","492,19","490,58","13,13","11,84","82,18",5,"23,36","25,93","679,96","257,88","130,01"
"20:42:38,06","646,5","354,07","15,85","1179,89","1288,9","957,89","10,45","1778,9","86,95","492,19","490,58","13,13","11,84","82,18",5,"23,36","25,93","726,96","257,88","130,01"
"20:42:38,17","646,5","354,07","15,85","1179,89","1288,9","957,89","10,45","1778,9","86,95","492,19","490,58","13,13","11,84","82,18",5,"23,36","25,93","726,96","229,96","245,37"
"20:42:38,27","685,67","828,1","15,85","1179,89","1288,9","957,89","10,45","1778,9","86,95","492,19","490,58","13,13","11,84","82,18",5,"23,36","25,93","726,96","229,96","245,37"
"20:42:38,37","685,67","828,1","15,85","1240,89","1890,91","957,89","10,45","1778,9","86,95","492,19","490,58","13,13","11,84","82,18",5,"23,36","25,93","726,96","229,96","245,37"
"20:42:38,47","685,67","828,1","15,85","1240,89","1890,91","957,89","10,45","1778,9","86,95","492,19","490,58","13,13","11,84","82,18",5,"23,36","25,93","726,96","229,96","245,37"
"20:42:38,58","685,67","828,1","15,85","1240,89","1890,91","957,89","10,45","1858,9","86,95","492,19","490,58","13,13","11,84","82,18",5,"23,36","25,93","726,96","229,96","245,37"
"20:42:38,68","685,67","828,1","15,85","1240,89","1890,91","957,89","10,45","1858,9","86,95","936,17","905,16","13,13","11,84","82,18",5,"23,36","25,93","726,96","229,96","245,37"
"20:42:38,78","685,67","828,1","15,85","1240,89","1890,91","957,89","10,45","1858,9","86,95","936,17","905,16","35,5","37,11","72,53",5,"23,36","25,93","726,96","229,96","245,37"
"20:42:38,88","685,67","828,1","15,85","1240,89","1890,91","957,89","10,45","1858,9","86,95","936,17","905,16","35,5","37,11","72,53",5,"23,36","25,93","726,96","229,96","245,37"
"20:42:38,98","685,67","828,1","15,85","1240,89","1890,91","957,89","10,45","1858,9","86,95","936,17","905,16","35,5","37,11","72,53",5,"23,25","52,34","726,96","229,96","245,37"
"20:42:39,08","685,67","828,1","15,85","1240,89","1890,91","957,89","10,45","1858,9","86,95","936,17","905,16","35,5","37,11","72,53",5,"23,25","52,34","764,95","229,96","245,37"
"20:42:39,19","685,67","828,1","15,85","1240,89","1890,91","957,89","10,45","1858,9","86,95","936,17","905,16","35,5","37,11","72,53",5,"23,25","52,34","764,95","208,9","334,64"
"20:42:39,29","758,37","955,49","15,85","1240,89","1890,91","957,89","10,45","1858,9","86,95","936,17","905,16","35,5","37,11","72,53",5,"23,25","52,34","764,95","208,9","334,64"
"20:42:39,39","758,37","955,49","16,25","1393,9","1985,91","957,89","10,45","1858,9","86,95","936,17","905,16","35,5","37,11","72,53",5,"23,25","52,34","764,95","208,9","334,64"
"20:42:39,49","758,37","955,49","16,25","1393,9","1985,91","957,89","10,45","1858,9","86,95","936,17","905,16","35,5","37,11","72,53",5,"23,25","52,34","764,95","208,9","334,64"
"20:42:39,60","758,37","955,49","16,25","1393,9","1985,91","957,89","10,95","1988,91","86,95","936,17","905,16","35,5","37,11","72,53",5,"23,25","52,34","764,95","208,9","334,64"
"20:42:39,70","758,37","955,49","16,25","1393,9","1985,91","957,89","10,95","1988,91","86,95","889,97","905,38","35,5","37,11","72,53",5,"23,25","52,34","764,95","208,9","334,64"
"20:42:39,80","758,37","955,49","16,25","1393,9","1985,91","957,89","10,95","1988,91","86,95","889,97","905,38","32,83","32,77","72,53",5,"23,25","52,34","764,95","208,9","334,64"
"20:42:39,90","758,37","955,49","16,25","1393,9","1985,91","957,89","10,95","1988,91","86,95","889,97","905,38","32,83","32,77","70,38",5,"23,25","52,34","764,95","208,9","334,64"
"20:42:40,00","758,37","955,49","16,25","1393,9","1985,91","957,89","10,95","1988,91","86,95","889,97","905,38","32,83","32,77","70,38",5,"23,25","52,34","764,95","208,9","334,64"
"20:42:40,10","758,37","955,49","16,25","1393,9","1985,91","957,89","10,95","1988,91","86,95","889,97","905,38","32,83","32,77","70,38",5,"23,25","44,95","738,86","208,9","334,64"
"20:42:40,21","758,37","955,49","16,25","1393,9","1985,91","957,89","10,95","1988,91","86,95","889,97","905,38","32,83","32,77","70,38",5,"23,25","44,95","738,86","198,98","294,7"
"20:42:40,31","761,3","811,99","16,25","1393,9","1985,91","957,89","10,95","1988,91","86,95","889,97","905,38","32,83","32,77","70,38",5,"23,25","44,95","738,86","198,98","294,7"
"20:42:40,41","761,3","811,99","16,94","1420,9","2236,91","957,89","10,95","1988,91","86,95","889,97","905,38","32,83","32,77","70,38",5,"23,25","44,95","738,86","198,98","294,7"
"20:42:40,51","761,3","811,99","16,94","1420,9","2236,91","957,89","10,95","1988,91","86,95","889,97","905,38","32,83","32,77","70,38",5,"23,25","44,95","738,86","198,98","294,7"
"20:42:40,62","761,3","811,99","16,94","1420,9","2236,91","957,89","10,45","2124,91","86,95","889,97","905,38","32,83","32,77","70,38",5,"23,25","44,95","738,86","198,98","294,7"
"20:42:40,72","761,3","811,99","16,94","1420,9","2236,91","957,89","10,45","2124,91","86,95","1155,99","1137,07","32,83","32,77","70,38",5,"23,25","44,95","738,86","198,98","294,7"
"20:42:40,82","761,3","811,99","16,94","1420,9","2236,91","957,89","10,45","2124,91","86,95","1155,99","1137,07","45,19","45,09","70,38",5,"23,25","44,95","738,86","198,98","294,7"
"20:42:40,92","761,3","811,99","16,94","1420,9","2236,91","957,89","10,45","2124,91","86,95","1155,99","1137,07","45,19","45,09","67,56",5,"23,25","44,95","738,86","198,98","294,7"
"20:42:41,02","761,3","811,99","16,94","1420,9","2236,91","957,89","10,45","2124,91","86,95","1155,99","1137,07","45,19","45,09","67,56",5,"23,36","44,95","738,86","198,98","294,7"
"20:42:41,12","761,3","811,99","16,94","1420,9","2236,91","957,89","10,45","2124,91","86,95","1155,99","1137,07","45,19","45,09","67,56",5,"23,36",100,"842,93","198,98","294,7"
"20:42:41,23","761,3","811,99","16,94","1420,9","2236,91","957,89","10,45","2124,91","86,95","1155,99","1137,07","45,19","45,09","67,56",5,"23,36",100,"842,93","228,89","294,7"
"20:42:41,33","882,4","1018,19","16,94","1420,9","2236,91","957,89","10,45","2124,91","86,95","1155,99","1137,07","45,19","45,09","67,56",5,"23,36",100,"842,93","228,89","452,97"
"20:42:41,43","882,4","1018,19","17,95","1622,9","2279,91","957,89","10,45","2124,91","86,95","1155,99","1137,07","45,19","45,09","67,56",5,"23,36",100,"842,93","228,89","452,97"
"20:42:41,53","882,4","1018,19","17,95","1622,9","2279,91","957,89","10,45","2124,91","86,95","1155,99","1137,07","45,19","45,09","67,56",5,"23,36",100,"842,93","228,89","452,97"
"20:42:41,63","882,4","1018,19","17,95","1622,9","2279,91","957,89","9,96","2321,91","86,95","1155,99","1137,07","45,19","45,09","67,56",5,"23,36",100,"842,93","228,89","452,97"
"20:42:41,74","882,4","1018,19","17,95","1622,9","2279,91","957,89","9,96","2321,91","87,95","1155,99","1137,07","45,19","45,09","67,56",5,"23,36",100,"842,93","228,89","452,97"
"20:42:41,84","882,4","1018,19","17,95","1622,9","2279,91","957,89","9,96","2321,91","87,95","1263,69","1251,18","50,62","50,59","67,56",5,"23,36",100,"842,93","228,89","452,97"
"20:42:41,94","882,4","1018,19","17,95","1622,9","2279,91","957,89","9,96","2321,91","87,95","1263,69","1251,18","50,62","50,59","64,16",5,"23,36",100,"842,93","228,89","452,97"
"20:42:42,04","882,4","1018,19","17,95","1622,9","2279,91","957,89","9,96","2321,91","87,95","1263,69","1251,18","50,62","50,59","64,16",5,"23,36",100,"842,93","228,89","452,97"
"20:42:42,14","882,4","1018,19","17,95","1622,9","2279,91","957,89","9,96","2321,91","87,95","1263,69","1251,18","50,62","50,59","64,16",5,"23,36","49,89","525,99","228,89","452,97"
"20:42:42,25","882,4","1018,19","17,95","1622,9","2279,91","957,89","9,96","2321,91","87,95","1263,69","1251,18","50,62","50,59","64,16",5,"23,36","49,89","525,99","260,94","452,97"
"20:42:42,35","736,11","457,68","17,95","1622,9","2279,91","957,89","9,96","2321,91","87,95","1263,69","1251,18","50,62","50,59","64,16",5,"23,36","49,89","525,99","260,94","53,91"
"20:42:42,45","736,11","457,68","19,95","1622,9","2279,91","957,89","9,96","2321,91","87,95","1263,69","1251,18","50,62","50,59","64,16",5,"23,36","49,89","525,99","260,94","53,91"
"20:42:42,55","736,11","457,68","19,95","1451,9","1159,89","957,89","9,96","2321,91","87,95","1263,69","1251,18","50,62","50,59","64,16",5,"23,36","49,89","525,99","260,94","53,91"
"20:42:42,66","736,11","457,68","19,95","1451,9","1159,89","957,89","11,45","2380,91","87,95","1263,69","1251,18","50,62","50,59","64,16",5,"23,36","49,89","525,99","260,94","53,91"
"20:42:42,76","736,11","457,68","19,95","1451,9","1159,89","957,89","11,45","2380,91","86,95","1263,69","1251,18","50,62","50,59","64,16",5,"23,36","49,89","525,99","260,94","53,91"
"20:42:42,86","736,11","457,68","19,95","1451,9","1159,89","957,89","11,45","2380,91","86,95","410,89","431,28",0,"0,1","64,16",5,"23,36","49,89","525,99","260,94","53,91"
"20:42:42,96","736,11","457,68","19,95","1451,9","1159,89","957,89","11,45","2380,91","86,95","410,89","431,28",0,"0,1","61,24",5,"23,36","49,89","525,99","260,94","53,91"
"20:42:43,07","736,11","457,68","19,95","1451,9","1159,89","957,89","11,45","2380,91","86,95","410,89","431,28",0,"0,1","61,24",5,"23,36","49,89","525,99","260,94","53,91"
"20:42:43,17","736,11","457,68","19,95","1451,9","1159,89","957,89","11,45","2380,91","86,95","410,89","431,28",0,"0,1","61,24",5,"23,36",0,0,"260,94","53,91"
"20:42:43,27","736,11","457,68","19,95","1451,9","1159,89","957,89","11,45","2380,91","86,95","410,89","431,28",0,"0,1","61,24",5,"23,36",0,0,0,"53,91"
"20:42:43,37","584,59","453,87","19,95","1451,9","1159,89","957,89","11,45","2380,91","86,95","410,89","431,28",0,"0,1","61,24",5,"23,36",0,0,0,"1,04"
"20:42:43,47","584,59","453,87","20,25","1451,9","1159,89","957,89","11,45","2380,91","86,95","410,89","431,28",0,"0,1","61,24",5,"23,36",0,0,0,"1,04"
"20:42:43,57","584,59","453,87","20,25","1082,89","1157,89","957,89","11,45","2380,91","86,95","410,89","431,28",0,"0,1","61,24",5,"23,36",0,0,0,"1,04"
"20:42:43,68","584,59","453,87","20,25","1082,89","1157,89","957,89","9,46","2380,91","86,95","410,89","431,28",0,"0,1","61,24",5,"23,36",0,0,0,"1,04"
"20:42:43,78","584,59","453,87","20,25","1082,89","1157,89","957,89","9,46","2342,91","87,95","410,89","431,28",0,"0,1","61,24",5,"23,36",0,0,0,"1,04"
"20:42:43,88","584,59","453,87","20,25","1082,89","1157,89","957,89","9,46","2342,91","87,95","417,49","424,87",0,0,"61,24",5,"23,36",0,0,0,"1,04"
"20:42:43,98","584,59","453,87","20,25","1082,89","1157,89","957,89","9,46","2342,91","87,95","417,49","424,87",0,0,"63,4",5,"23,36",0,0,0,"1,04"
"20:42:44,08","584,59","453,87","20,25","1082,89","1157,89","957,89","9,46","2342,91","87,95","417,49","424,87",0,0,"63,4",5,"23,36",0,0,0,"1,04"
"20:42:44,18","584,59","453,87","20,25","1082,89","1157,89","957,89","9,46","2342,91","87,95","417,49","424,87",0,0,"63,4",5,"23,36",0,0,0,"1,04"
"20:42:44,29","584,59","453,87","20,25","1082,89","1157,89","957,89","9,46","2342,91","87,95","417,49","424,87",0,0,"63,4",5,"23,36",0,0,0,"1,04"
"20:42:44,39","561,88","448,31","20,25","1082,89","1157,89","957,89","9,46","2342,91","87,95","417,49","424,87",0,0,"63,4",5,"23,36",0,0,0,"0,01"
"20:42:44,49","561,88","448,31","20,05","1082,89","1157,89","957,89","9,46","2342,91","87,95","417,49","424,87",0,0,"63,4",5,"23,36",0,0,0,"0,01"
"20:42:44,59","561,88","448,31","20,05","1027,89","1154,89","958,89","9,46","2342,91","87,95","417,49","424,87",0,0,"63,4",5,"23,36",0,0,0,"0,01"
"20:42:44,69","561,88","448,31","20,05","1027,89","1154,89","958,89","9,46","2342,91","87,95","417,49","424,87",0,0,"63,4",5,"23,36",0,0,0,"0,01"
"20:42:44,79","561,88","448,31","20,05","1027,89","1154,89","958,89","9,46","2308,91","87,95","417,49","424,87",0,0,"63,4",5,"23,36",0,0,0,"0,01"
"20:42:44,90","561,88","448,31","20,05","1027,89","1154,89","958,89","9,46","2308,91","87,95","426,28","423,9",0,0,"63,4",5,"23,36",0,0,0,"0,01"
"20:42:45,00","561,88","448,31","20,05","1027,89","1154,89","958,89","9,46","2308,91","87,95","426,28","423,9",0,0,"65,73",5,"23,36",0,0,0,"0,01"
"20:42:45,10","561,88","448,31","20,05","1027,89","1154,89","958,89","9,46","2308,91","87,95","426,28","423,9",0,0,"65,73",5,"23,36",0,0,0,"0,01"
"20:42:45,20","561,88","448,31","20,05","1027,89","1154,89","958,89","9,46","2308,91","87,95","426,28","423,9",0,0,"65,73",5,"23,36",0,0,0,"0,01"
"20:42:45,31","561,88","448,31","20,05","1027,89","1154,89","958,89","9,46","2308,91","87,95","426,28","423,9",0,0,"65,73",5,"23,36",0,0,0,"0,01"
"20:42:45,41","561,88","448,31","20,05","1027,89","1154,89","958,89","9,46","2308,91","87,95","426,28","423,9",0,0,"65,73",5,"23,36",0,0,0,"0,01"
"20:42:45,51","550,26","440,49","19,44","1027,89","1154,89","958,89","9,46","2308,91","87,95","426,28","423,9",0,0,"65,73",5,"23,36",0,0,0,"0,01"
"20:42:45,61","550,26","440,49","19,44","1020,89","1151,89","957,89","9,46","2308,91","87,95","426,28","423,9",0,0,"65,73",5,"23,36",0,0,0,"0,01"
"20:42:45,71","550,26","440,49","19,44","1020,89","1151,89","957,89","9,96","2308,91","87,95","426,28","423,9",0,0,"65,73",5,"23,36",0,0,0,"0,01"
"20:42:45,82","550,26","440,49","19,44","1020,89","1151,89","957,89","9,96","2267,91","87,95","426,28","423,9",0,0,"65,73",5,"23,36",0,0,0,"0,01"
"20:42:45,92","550,26","440,49","19,44","1020,89","1151,89","957,89","9,96","2267,91","87,95","421,88","422,19",0,0,"65,73",5,"23,36",0,0,0,"0,01"
"20:42:46,02","550,26","440,49","19,44","1020,89","1151,89","957,89","9,96","2267,91","87,95","421,88","422,19",0,0,"68,13",5,"23,36",0,0,0,"0,01"
"20:42:46,12","550,26","440,49","19,44","1020,89","1151,89","957,89","9,96","2267,91","87,95","421,88","422,19",0,0,"68,13",5,"23,36",0,0,0,"0,01"
"20:42:46,22","550,26","440,49","19,44","1020,89","1151,89","957,89","9,96","2267,91","87,95","421,88","422,19",0,0,"68,13",5,"23,36",0,0,0,"0,01"
"20:42:46,32","550,26","440,49","19,44","1020,89","1151,89","957,89","9,96","2267,91","87,95","421,88","422,19",0,0,"68,13",5,"23,36",0,0,0,"0,01"
"20:42:46,43","550,26","440,49","19,44","1020,89","1151,89","957,89","9,96","2267,91","87,95","421,88","422,19",0,0,"68,13",5,"23,36",0,0,0,"0,01"
"20:42:46,53","556,9","434,39","18,86","1020,89","1151,89","957,89","9,96","2267,91","87,95","421,88","422,19",0,0,"68,13",5,"23,36",0,0,0,"0,01"
"20:42:46,63","556,9","434,39","18,86","1020,89","1148,89","957,89","9,96","2267,91","87,95","421,88","422,19",0,0,"68,13",5,"23,36",0,0,0,"0,01"
"20:42:46,73","556,9","434,39","18,86","1020,89","1148,89","957,89","9,96","2267,91","87,95","421,88","422,19",0,0,"68,13",5,"23,36",0,0,0,"0,01"
"20:42:46,84","556,9","434,39","18,86","1020,89","1148,89","957,89","9,96","2236,91","87,95","421,88","422,19",0,0,"68,13",5,"23,36",0,0,0,"0,01"
"20:42:46,94","556,9","434,39","18,86","1020,89","1148,89","957,89","9,96","2236,91","87,95","419,68","420,29",0,0,"68,13",5,"23,36",0,0,0,"0,01"
"20:42:47,04","556,9","434,39","18,86","1020,89","1148,89","957,89","9,96","2236,91","87,95","419,68","420,29",0,0,"70,23",5,"23,36",0,0,0,"0,01"
"20:42:47,14","556,9","434,39","18,86","1020,89","1148,89","957,89","9,96","2236,91","87,95","419,68","420,29",0,0,"70,23",5,"23,36",0,0,0,"0,01"
"20:42:47,24","556,9","434,39","18,86","1020,89","1148,89","957,89","9,96","2236,91","87,95","419,68","420,29",0,0,"70,23",5,"23,36",0,0,0,"0,01"
"20:42:47,35","556,9","434,39","18,86","1020,89","1148,89","957,89","9,96","2236,91","87,95","419,68","420,29",0,0,"70,23",5,"23,36",0,0,0,"0,01"
"20:42:47,45","556,9","434,39","18,86","1020,89","1148,89","957,89","9,96","2236,91","87,95","419,68","420,29",0,0,"70,23",5,"23,36",0,0,0,"0,01"
"20:42:47,55","576,48","444,21","18,86","1020,89","1148,89","957,89","9,96","2236,91","87,95","419,68","420,29",0,0,"70,23",5,"23,36",0,0,0,"0,01"
"20:42:47,65","576,48","444,21","18,15","1036,89","1118,89","957,89","9,96","2236,91","87,95","419,68","420,29",0,0,"70,23",5,"23,36",0,0,0,"0,01"
"20:42:47,75","576,48","444,21","18,15","1036,89","1118,89","958,89","9,96","2236,91","87,95","419,68","420,29",0,0,"70,23",5,"23,36",0,0,0,"0,01"
"20:42:47,86","576,48","444,21","18,15","1036,89","1118,89","958,89","9,96","1746,9","87,95","419,68","420,29",0,0,"70,23",5,"23,36",0,0,0,"0,01"
"20:42:47,96","576,48","444,21","18,15","1036,89","1118,89","958,89","9,96","1746,9","87,95","375,77","344,18",0,0,"70,23",5,"23,36",0,0,0,"0,01"
"20:42:48,06","576,48","444,21","18,15","1036,89","1118,89","958,89","9,96","1746,9","87,95","375,77","344,18",0,0,"70,23",5,"23,36",0,0,0,"0,01"
"20:42:48,16","576,48","444,21","18,15","1036,89","1118,89","958,89","9,96","1746,9","87,95","375,77","344,18",0,0,"69,99",5,"23,36",0,0,0,"0,01"
"20:42:48,26","576,48","444,21","18,15","1036,89","1118,89","958,89","9,96","1746,9","87,95","375,77","344,18",0,0,"69,99",5,"23,36",0,0,0,"0,01"
"20:42:48,37","576,48","444,21","18,15","1036,89","1118,89","958,89","9,96","1746,9","87,95","375,77","344,18",0,0,"69,99",5,"23,36",0,0,0,"0,01"
"20:42:48,47","576,48","444,21","18,15","1036,89","1118,89","958,89","9,96","1746,9","87,95","375,77","344,18",0,0,"69,99",5,"23,36",0,0,0,"0,01"
"20:42:48,57","560,47","444,89","18,15","1036,89","1118,89","958,89","9,96","1746,9","87,95","375,77","344,18",0,0,"69,99",5,"23,36",0,0,0,"6,3"
"20:42:48,67","560,47","444,89","17,95","1017,89","1085,89","958,89","9,96","1746,9","87,95","375,77","344,18",0,0,"69,99",5,"23,36",0,0,0,"6,3"
"20:42:48,77","560,47","444,89","17,95","1017,89","1085,89","958,89","9,96","1746,9","87,95","375,77","344,18",0,0,"69,99",5,"23,36",0,0,0,"6,3"
"20:42:48,88","560,47","444,89","17,95","1017,89","1085,89","958,89","8,95","1279,9","87,95","375,77","344,18",0,0,"69,99",5,"23,36",0,0,0,"6,3"
"20:42:48,98","560,47","444,89","17,95","1017,89","1085,89","958,89","8,95","1279,9","86,95","375,77","344,18",0,0,"69,99",5,"23,36",0,0,0,"6,3"
"20:42:49,08","560,47","444,89","17,95","1017,89","1085,89","958,89","8,95","1279,9","86,95","294,38","340,4","4,52","3,86","69,99",5,"23,36",0,0,0,"6,3"
"20:42:49,18","560,47","444,89","17,95","1017,89","1085,89","958,89","8,95","1279,9","86,95","294,38","340,4","4,52","3,86","69,99",5,"23,36",0,0,0,"6,3"
"20:42:49,28","560,47","444,89","17,95","1017,89","1085,89","958,89","8,95","1279,9","86,95","294,38","340,4","4,52","3,86","69,99",5,"23,46",0,0,0,"6,3"
"20:42:49,39","560,47","444,89","17,95","1017,89","1085,89","958,89","8,95","1279,9","86,95","294,38","340,4","4,52","3,86","69,99",5,"23,46","10,61","560,94",0,"6,3"
"20:42:49,49","560,47","444,89","17,95","1017,89","1085,89","958,89","8,95","1279,9","86,95","294,38","340,4","4,52","3,86","69,99",5,"23,46","10,61","560,94","251,93","6,3"
"20:42:49,59","576,48","327,7","17,95","1017,89","1085,89","958,89","8,95","1279,9","86,95","294,38","340,4","4,52","3,86","69,99",5,"23,46","10,61","560,94","251,93","86,07"
"20:42:49,69","576,48","327,7","17,35","1017,89","1085,89","958,89","8,95","1279,9","86,95","294,38","340,4","4,52","3,86","69,99",5,"23,46","10,61","560,94","251,93","86,07"
"20:42:49,79","576,48","327,7","17,35","1054,89","1188,89","957,89","8,95","1279,9","86,95","294,38","340,4","4,52","3,86","69,99",5,"23,46","10,61","560,94","251,93","86,07"
"20:42:49,90","576,48","327,7","17,35","1054,89","1188,89","957,89","7,94","1717,9","86,95","294,38","340,4","4,52","3,86","69,99",5,"23,46","10,61","560,94","251,93","86,07"
"20:42:50,00","576,48","327,7","17,35","1054,89","1188,89","957,89","7,94","1717,9","86,95","294,38","340,4","4,52","3,86","69,99",5,"23,46","10,61","560,94","251,93","86,07"
"20:42:50,10","576,48","327,7","17,35","1054,89","1188,89","957,89","7,94","1717,9","86,95","437,29","430,18","8,28","8,55","69,99",5,"23,46","10,61","560,94","251,93","86,07"
"20:42:50,20","576,48","327,7","17,35","1054,89","1188,89","957,89","7,94","1717,9","86,95","437,29","430,18","8,28","8,55","83,56",5,"23,46","10,61","560,94","251,93","86,07"
"20:42:50,30","576,48","327,7","17,35","1054,89","1188,89","957,89","7,94","1717,9","86,95","437,29","430,18","8,28","8,55","83,56",5,"23,46","10,61","560,94","251,93","86,07"
"20:42:50,41","576,48","327,7","17,35","1054,89","1188,89","957,89","7,94","1717,9","86,95","437,29","430,18","8,28","8,55","83,56",5,"23,46","11,01","560,94","251,93","86,07"
"20:42:50,51","576,48","327,7","17,35","1054,89","1188,89","957,89","7,94","1717,9","86,95","437,29","430,18","8,28","8,55","83,56",5,"23,46","11,01","539,88","278,94","86,07"
"20:42:50,61","597,48","324,09","17,35","1054,89","1188,89","957,89","7,94","1717,9","86,95","437,29","430,18","8,28","8,55","83,56",5,"23,46","11,01","539,88","278,94","77,83"
"20:42:50,71","597,48","324,09","16,94","1054,89","1188,89","957,89","7,94","1717,9","86,95","437,29","430,18","8,28","8,55","83,56",5,"23,46","11,01","539,88","278,94","77,83"
"20:42:50,81","597,48","324,09","16,94","1106,89","1164,89","957,89","7,94","1717,9","86,95","437,29","430,18","8,28","8,55","83,56",5,"23,46","11,01","539,88","278,94","77,83"
"20:42:50,92","597,48","324,09","16,94","1106,89","1164,89","957,89","9,46","1717,9","86,95","437,29","430,18","8,28","8,55","83,56",5,"23,46","11,01","539,88","278,94","77,83"
"20:42:51,02","597,48","324,09","16,94","1106,89","1164,89","957,89","9,46","1715,9","86,95","437,29","430,18","8,28","8,55","83,56",5,"23,46","11,01","539,88","278,94","77,83"
"20:42:51,12","597,48","324,09","16,94","1106,89","1164,89","957,89","9,46","1715,9","86,95","402,07","395,18","4,8","4,55","83,56",5,"23,46","11,01","539,88","278,94","77,83"
"20:42:51,22","597,48","324,09","16,94","1106,89","1164,89","957,89","9,46","1715,9","86,95","402,07","395,18","4,8","4,55","83,74",5,"23,46","11,01","539,88","278,94","77,83"
"20:42:51,32","597,48","324,09","16,94","1106,89","1164,89","957,89","9,46","1715,9","86,95","402,07","395,18","4,8","4,55","83,74",5,"23,46","11,01","539,88","278,94","77,83"
"20:42:51,42","597,48","324,09","16,94","1106,89","1164,89","957,89","9,46","1715,9","86,95","402,07","395,18","4,8","4,55","83,74",5,"23,46","7,96","539,88","278,94","77,83"
"20:42:51,53","597,48","324,09","16,94","1106,89","1164,89","957,89","9,46","1715,9","86,95","402,07","395,18","4,8","4,55","83,74",5,"23,46","7,96",450,"280,93","77,83"
"20:42:51,63","593,57","343,76","16,94","1106,89","1164,89","957,89","9,46","1715,9","86,95","402,07","395,18","4,8","4,55","83,74",5,"23,46","7,96",450,"280,93","50,93"
"20:42:51,73","593,57","343,76","16,46","1106,89","1164,89","957,89","9,46","1715,9","86,95","402,07","395,18","4,8","4,55","83,74",5,"23,46","7,96",450,"280,93","50,93"
"20:42:51,83","593,57","343,76","16,46","1097,89","1122,89","958,89","9,46","1715,9","86,95","402,07","395,18","4,8","4,55","83,74",5,"23,46","7,96",450,"280,93","50,93"
"20:42:51,93","593,57","343,76","16,46","1097,89","1122,89","958,89","9,46","1715,9","86,95","402,07","395,18","4,8","4,55","83,74",5,"23,46","7,96",450,"280,93","50,93"
"20:42:52,03","593,57","343,76","16,46","1097,89","1122,89","958,89","9,46","1702,9","86,95","402,07","395,18","4,8","4,55","83,74",5,"23,46","7,96",450,"280,93","50,93"
"20:42:52,13","593,57","343,76","16,46","1097,89","1122,89","958,89","9,46","1702,9","86,95","382,39","382,57","4,8","4,55","83,74",5,"23,46","7,96",450,"280,93","50,93"
"20:42:52,24","593,57","343,76","16,46","1097,89","1122,89","958,89","9,46","1702,9","86,95","382,39","382,57","4,39","4,96","83,74",5,"23,46","7,96",450,"280,93","50,93"
"20:42:52,34","593,57","343,76","16,46","1097,89","1122,89","958,89","9,46","1702,9","86,95","382,39","382,57","4,39","4,96","83,74",5,"23,46","7,96",450,"280,93","50,93"
"20:42:52,44","593,57","343,76","16,46","1097,89","1122,89","958,89","9,46","1702,9","86,95","382,39","382,57","4,39","4,96","83,74",5,"23,46","10,92",450,"280,93","50,93"
"20:42:52,54","593,57","343,76","16,46","1097,89","1122,89","958,89","9,46","1702,9","86,95","382,39","382,57","4,39","4,96","83,74",5,"23,46","10,92",600,"258,95","50,93"
"20:42:52,64","593,57","343,76","16,46","1097,89","1122,89","958,89","9,46","1702,9","86,95","382,39","382,57","4,39","4,96","83,74",5,"23,46","10,92",600,"258,95","86,3"
"20:42:52,74","596,31","317,98","16,05","1097,89","1122,89","958,89","9,46","1702,9","86,95","382,39","382,57","4,39","4,96","83,74",5,"23,46","10,92",600,"258,95","86,3"
"20:42:52,84","596,31","317,98","16,05","1103,89","1183,89","958,89","9,46","1702,9","86,95","382,39","382,57","4,39","4,96","83,74",5,"23,46","10,92",600,"258,95","86,3"
"20:42:52,95","596,31","317,98","16,05","1103,89","1183,89","958,89","9,46","1702,9","86,95","382,39","382,57","4,39","4,96","83,74",5,"23,46","10,92",600,"258,95","86,3"
"20:42:53,05","596,31","317,98","16,05","1103,89","1183,89","958,89","9,46","1696,9","86,95","382,39","382,57","4,39","4,96","83,74",5,"23,46","10,92",600,"258,95","86,3"
"20:42:53,15","596,31","317,98","16,05","1103,89","1183,89","958,89","9,46","1696,9","86,95","430,67","424,78","4,39","4,96","83,74",5,"23,46","10,92",600,"258,95","86,3"
"20:42:53,25","596,31","317,98","16,05","1103,89","1183,89","958,89","9,46","1696,9","86,95","430,67","424,78","8,04","7,21","83,74",5,"23,46","10,92",600,"258,95","86,3"
"20:42:53,35","596,31","317,98","16,05","1103,89","1183,89","958,89","9,46","1696,9","86,95","430,67","424,78","8,04","7,21","83,74",5,"23,46","10,92",600,"258,95","86,3"
"20:42:53,46","596,31","317,98","16,05","1103,89","1183,89","958,89","9,46","1696,9","86,95","430,67","424,78","8,04","7,21","83,74",5,"23,46","10,84",600,"258,95","86,3"
"20:42:53,56","596,31","317,98","16,05","1103,89","1183,89","958,89","9,46","1696,9","86,95","430,67","424,78","8,04","7,21","83,74",5,"23,46","10,84","591,91","267,96","86,3"
"20:42:53,66","596,31","317,98","16,05","1103,89","1183,89","958,89","9,46","1696,9","86,95","430,67","424,78","8,04","7,21","83,74",5,"23,46","10,84","591,91","267,96","77,49"
"20:42:53,76","601,19","327,07","15,85","1103,89","1183,89","958,89","9,46","1696,9","86,95","430,67","424,78","8,04","7,21","83,74",5,"23,46","10,84","591,91","267,96","77,49"
"20:42:53,86","601,19","327,07","15,85","1112,89","1133,89","958,89","9,46","1696,9","86,95","430,67","424,78","8,04","7,21","83,74",5,"23,46","10,84","591,91","267,96","77,49"
"20:42:53,96","601,19","327,07","15,85","1112,89","1133,89","957,89","9,46","1696,9","86,95","430,67","424,78","8,04","7,21","83,74",5,"23,46","10,84","591,91","267,96","77,49"
"20:42:54,07","601,19","327,07","15,85","1112,89","1133,89","957,89","9,46","1679,9","86,95","430,67","424,78","8,04","7,21","83,74",5,"23,46","10,84","591,91","267,96","77,49"
"20:42:54,17","601,19","327,07","15,85","1112,89","1133,89","957,89","9,46","1679,9","86,95","362,58","374,49","8,04","7,21","83,74",5,"23,46","10,84","591,91","267,96","77,49"
"20:42:54,27","601,19","327,07","15,85","1112,89","1133,89","957,89","9,46","1679,9","86,95","362,58","374,49","3,09","4,42","83,74",5,"23,46","10,84","591,91","267,96","77,49"
"20:42:54,37","601,19","327,07","15,85","1112,89","1133,89","957,89","9,46","1679,9","86,95","362,58","374,49","3,09","4,42","83,74",5,"23,46","10,84","591,91","267,96","77,49"
"20:42:54,47","601,19","327,07","15,85","1112,89","1133,89","957,89","9,46","1679,9","86,95","362,58","374,49","3,09","4,42","83,74",5,"23,46","6,69","591,91","267,96","77,49"
"20:42:54,58","601,19","327,07","15,85","1112,89","1133,89","957,89","9,46","1679,9","86,95","362,58","374,49","3,09","4,42","83,74",5,"23,46","6,69","459,92","301,98","77,49"
"20:42:54,68","601,19","327,07","15,85","1112,89","1133,89","957,89","9,46","1679,9","86,95","362,58","374,49","3,09","4,42","83,74",5,"23,46","6,69","459,92","301,98","46,24"
"20:42:54,78","581,61","344,89","15,65","1112,89","1133,89","957,89","9,46","1679,9","86,95","362,58","374,49","3,09","4,42","83,74",5,"23,46","6,69","459,92","301,98","46,24"
"20:42:54,88","581,61","344,89","15,65","1088,89","1119,89","957,89","9,46","1679,9","86,95","362,58","374,49","3,09","4,42","83,74",5,"23,46","6,69","459,92","301,98","46,24"
"20:42:54,98","581,61","344,89","15,65","1088,89","1119,89","957,89","8,95","1679,9","86,95","362,58","374,49","3,09","4,42","83,74",5,"23,46","6,69","459,92","301,98","46,24"
"20:42:55,09","581,61","344,89","15,65","1088,89","1119,89","957,89","8,95","1674,9","87,95","362,58","374,49","3,09","4,42","83,74",5,"23,46","6,69","459,92","301,98","46,24"
"20:42:55,19","581,61","344,89","15,65","1088,89","1119,89","957,89","8,95","1674,9","87,95","373,57","369,7","3,09","4,42","83,74",5,"23,46","6,69","459,92","301,98","46,24"
"20:42:55,29","581,61","344,89","15,65","1088,89","1119,89","957,89","8,95","1674,9","87,95","373,57","369,7","3,14","3,88","83,67",5,"23,46","6,69","459,92","301,98","46,24"
"20:42:55,39","581,61","344,89","15,65","1088,89","1119,89","957,89","8,95","1674,9","87,95","373,57","369,7","3,14","3,88","83,67",5,"23,46","6,69","459,92","301,98","46,24"
"20:42:55,50","581,61","344,89","15,65","1088,89","1119,89","957,89","8,95","1674,9","87,95","373,57","369,7","3,14","3,88","83,67",5,"23,56","6,43","459,92","301,98","46,24"
"20:42:55,60","581,61","344,89","15,65","1088,89","1119,89","957,89","8,95","1674,9","87,95","373,57","369,7","3,14","3,88","83,67",5,"23,56","6,43","422,99","260,94","46,24"
"20:42:55,70","581,61","344,89","15,65","1088,89","1119,89","957,89","8,95","1674,9","87,95","373,57","369,7","3,14","3,88","83,67",5,"23,56","6,43","422,99","260,94","44,41"
"20:42:55,80","585,27","344,59","15,25","1088,89","1119,89","957,89","8,95","1674,9","87,95","373,57","369,7","3,14","3,88","83,67",5,"23,56","6,43","422,99","260,94","44,41"
"20:42:55,90","585,27","344,59","15,25","1075,89","1119,89","957,89","8,95","1674,9","87,95","373,57","369,7","3,14","3,88","83,67",5,"23,56","6,43","422,99","260,94","44,41"
"20:42:56,00","585,27","344,59","15,25","1075,89","1119,89","958,89","8,95","1674,9","87,95","373,57","369,7","3,14","3,88","83,67",5,"23,56","6,43","422,99","260,94","44,41"
"20:42:56,11","585,27","344,59","15,25","1075,89","1119,89","958,89","8,95","1652,9","87,95","373,57","369,7","3,14","3,88","83,67",5,"23,56","6,43","422,99","260,94","44,41"
"20:42:56,21","585,27","344,59","15,25","1075,89","1119,89","958,89","8,95","1652,9","86,95","364,78","364,57","3,14","3,88","83,67",5,"23,56","6,43","422,99","260,94","44,41"
"20:42:56,31","585,27","344,59","15,25","1075,89","1119,89","958,89","8,95","1652,9","86,95","364,78","364,57","3,2","2,96","83,67",5,"23,56","6,43","422,99","260,94","44,41"
"20:42:56,41","585,27","344,59","15,25","1075,89","1119,89","958,89","8,95","1652,9","86,95","364,78","364,57","3,2","2,96","83,67",5,"23,56","6,43","422,99","260,94","44,41"
"20:42:56,51","585,27","344,59","15,25","1075,89","1119,89","958,89","8,95","1652,9","86,95","364,78","364,57","3,2","2,96","83,67",5,"23,46","6,37","422,99","260,94","44,41"
"20:42:56,61","585,27","344,59","15,25","1075,89","1119,89","958,89","8,95","1652,9","86,95","364,78","364,57","3,2","2,96","83,67",5,"23,46","6,37","453,97","260,94","44,41"
"20:42:56,71","585,27","344,59","15,25","1075,89","1119,89","958,89","8,95","1652,9","86,95","364,78","364,57","3,2","2,96","83,67",5,"23,46","6,37","453,97","289,93","43,84"
"20:42:56,82","578,78","349,09","15,25","1075,89","1119,89","958,89","8,95","1652,9","86,95","364,78","364,57","3,2","2,96","83,67",5,"23,46","6,37","453,97","289,93","43,84"
"20:42:56,92","578,78","349,09","15,05","1069,89","1114,89","958,89","8,95","1652,9","86,95","364,78","364,57","3,2","2,96","83,67",5,"23,46","6,37","453,97","289,93","43,84"
"20:42:57,02","578,78","349,09","15,05","1069,89","1114,89","958,89","8,95","1652,9","86,95","364,78","364,57","3,2","2,96","83,67",5,"23,46","6,37","453,97","289,93","43,84"
"20:42:57,12","578,78","349,09","15,05","1069,89","1114,89","958,89","8,45","1632,9","86,95","364,78","364,57","3,2","2,96","83,67",5,"23,46","6,37","453,97","289,93","43,84"
"20:42:57,22","578,78","349,09","15,05","1069,89","1114,89","958,89","8,45","1632,9","86,95","355,99","353,18","3,2","2,96","83,67",5,"23,46","6,37","453,97","289,93","43,84"
"20:42:57,33","578,78","349,09","15,05","1069,89","1114,89","958,89","8,45","1632,9","86,95","355,99","353,18","1,73","2,35","83,67",5,"23,46","6,37","453,97","289,93","43,84"
"20:42:57,43","578,78","349,09","15,05","1069,89","1114,89","958,89","8,45","1632,9","86,95","355,99","353,18","1,73","2,35","83,61",5,"23,46","6,37","453,97","289,93","43,84"
"20:42:57,53","578,78","349,09","15,05","1069,89","1114,89","958,89","8,45","1632,9","86,95","355,99","353,18","1,73","2,35","83,61",5,"23,56","6,37","453,97","289,93","43,84"
"20:42:57,63","578,78","349,09","15,05","1069,89","1114,89","958,89","8,45","1632,9","86,95","355,99","353,18","1,73","2,35","83,61",5,"23,56","3,85","314,95","289,93","43,84"
"20:42:57,73","578,78","349,09","15,05","1069,89","1114,89","958,89","8,45","1632,9","86,95","355,99","353,18","1,73","2,35","83,61",5,"23,56","3,85","314,95","296,95","25,53"
"20:42:57,83","562,27","363,88","15,05","1069,89","1114,89","958,89","8,45","1632,9","86,95","355,99","353,18","1,73","2,35","83,61",5,"23,56","3,85","314,95","296,95","25,53"
"20:42:57,93","562,27","363,88","14,74","1060,89","1098,89","958,89","8,45","1632,9","86,95","355,99","353,18","1,73","2,35","83,61",5,"23,56","3,85","314,95","296,95","25,53"
"20:42:58,03","562,27","363,88","14,74","1060,89","1098,89","958,89","8,45","1632,9","86,95","355,99","353,18","1,73","2,35","83,61",5,"23,56","3,85","314,95","296,95","25,53"
"20:42:58,14","562,27","363,88","14,74","1060,89","1098,89","958,89","8,45","1612,9","86,95","355,99","353,18","1,73","2,35","83,61",5,"23,56","3,85","314,95","296,95","25,53"
"20:42:58,24","562,27","363,88","14,74","1060,89","1098,89","958,89","8,45","1612,9","86,95","355,99","353,18","1,73","2,35","83,61",5,"23,56","3,85","314,95","296,95","25,53"
"20:42:58,34","562,27","363,88","14,74","1060,89","1098,89","958,89","8,45","1612,9","86,95","347,17","348,09","1,21","1,35","83,61",5,"23,56","3,85","314,95","296,95","25,53"
"20:42:58,44","562,27","363,88","14,74","1060,89","1098,89","958,89","8,45","1612,9","86,95","347,17","348,09","1,21","1,35","83,61",5,"23,56","3,85","314,95","296,95","25,53"
"20:42:58,54","562,27","363,88","14,74","1060,89","1098,89","958,89","8,45","1612,9","86,95","347,17","348,09","1,21","1,35","83,61",5,"23,56","3,85","314,95","296,95","25,53"
"20:42:58,65","562,27","363,88","14,74","1060,89","1098,89","958,89","8,45","1612,9","86,95","347,17","348,09","1,21","1,35","83,61",5,"23,56","2,5","345,93","296,95","25,53"
"20:42:58,75","562,27","363,88","14,74","1060,89","1098,89","958,89","8,45","1612,9","86,95","347,17","348,09","1,21","1,35","83,61",5,"23,56","2,5","345,93",0,"25,53"
"20:42:58,85","563,4","370,18","14,74","1060,89","1098,89","958,89","8,45","1612,9","86,95","347,17","348,09","1,21","1,35","83,61",5,"23,56","2,5","345,93",0,"16,6"
"20:42:58,95","563,4","370,18","14,56","1048,89","1094,89","958,89","8,45","1612,9","86,95","347,17","348,09","1,21","1,35","83,61",5,"23,56","2,5","345,93",0,"16,6"
"20:42:59,05","563,4","370,18","14,56","1048,89","1094,89","958,89","8,45","1612,9","86,95","347,17","348,09","1,21","1,35","83,61",5,"23,56","2,5","345,93",0,"16,6"
"20:42:59,16","563,4","370,18","14,56","1048,89","1094,89","958,89","8,45","1593,9","86,95","347,17","348,09","1,21","1,35","83,61",5,"23,56","2,5","345,93",0,"16,6"
"20:42:59,26","563,4","370,18","14,56","1048,89","1094,89","958,89","8,45","1593,9","86,95","347,17","348,09","1,21","1,35","83,61",5,"23,56","2,5","345,93",0,"16,6"
"20:42:59,36","563,4","370,18","14,56","1048,89","1094,89","958,89","8,45","1593,9","86,95","342,78","343,17","1,22","1,34","83,61",5,"23,56","2,5","345,93",0,"16,6"
"20:42:59,46","563,4","370,18","14,56","1048,89","1094,89","958,89","8,45","1593,9","86,95","342,78","343,17","1,22","1,34","83,61",5,"23,56","2,5","345,93",0,"16,6"
"20:42:59,56","563,4","370,18","14,56","1048,89","1094,89","958,89","8,45","1593,9","86,95","342,78","343,17","1,22","1,34","83,61",5,"23,46","2,5","345,93",0,"16,6"
"20:42:59,67","563,4","370,18","14,56","1048,89","1094,89","958,89","8,45","1593,9","86,95","342,78","343,17","1,22","1,34","83,61",5,"23,46","2,41","348,98",0,"16,6"
"20:42:59,77","563,4","370,18","14,56","1048,89","1094,89","958,89","8,45","1593,9","86,95","342,78","343,17","1,22","1,34","83,61",5,"23,46","2,41","348,98",0,"16,6"
"20:42:59,87","561,1","370,67","14,56","1048,89","1094,89","958,89","8,45","1593,9","86,95","342,78","343,17","1,22","1,34","83,61",5,"23,46","2,41","348,98",0,"16,6"
"20:42:59,97","561,1","370,67","14,56","1045,89","1093,89","958,89","8,45","1593,9","86,95","342,78","343,17","1,22","1,34","83,61",5,"23,46","2,41","348,98",0,"16,6"
"20:43:00,07","561,1","370,67","14,56","1045,89","1093,89","958,89","8,45","1593,9","86,95","342,78","343,17","1,22","1,34","83,61",5,"23,46","2,41","348,98",0,"16,6"
"20:43:00,17","561,1","370,67","14,56","1045,89","1093,89","958,89","8,45","1578,9","86,95","342,78","343,17","1,22","1,34","83,61",5,"23,46","2,41","348,98",0,"16,6"
"20:43:00,27","561,1","370,67","14,56","1045,89","1093,89","958,89","8,45","1578,9","86,95","342,78","343,17","1,22","1,34","83,61",5,"23,46","2,41","348,98",0,"16,6"
